Número de mensaje,Estado de ánimo,Mensaje motivador
1,Feliz,"Hoy es un buen día para ser feliz. ¡Sonríe y disfruta cada momento!"
2,Motivado,"La motivación viene de hacer las cosas que amas. Encuentra tu pasión y persíguela."
3,Tranquilo,"Encuentra la paz en el presente. El ahora es todo lo que realmente tienes."
4,Preocupado,"No gastes tu energía en cosas que no puedes controlar. Enfócate en lo que puedes cambiar."
5,Feliz,"La alegría está en las pequeñas cosas. Encuentra la felicidad en los detalles cotidianos."
6,Motivado,"Cada logro, grande o pequeño, te acerca a tus metas. Sigue adelante con determinación."
7,Tranquilo,"Respira profundo y deja que la calma inunde tu ser. Todo estará bien."
8,Preocupado,"Los desafíos son oportunidades disfrazadas. Afronta tus preocupaciones con valentía."
9,Feliz,"La vida es mejor cuando estás riendo. Encuentra momentos para disfrutar y reír."
10,Motivado,"La persistencia es la clave del éxito. Sigue adelante incluso cuando sea difícil."
11,Tranquilo,"Deja ir lo que no puedes controlar. Encuentra serenidad en la aceptación."
12,Preocupado,"Enfrenta tus miedos con coraje. La superación personal comienza fuera de tu zona de confort."
13,Feliz,"Celebra tus logros, incluso los pequeños. Cada paso cuenta en tu viaje."
14,Motivado,"La disciplina te acerca a tus metas. Mantén el enfoque y trabaja con determinación."
15,Tranquilo,"El silencio interior es la verdadera paz. Encuéntrala en la calma de tu mente."
16,Preocupado,"El cambio es inevitable. Adáptate y conviértete en una versión más fuerte de ti mismo."
17,Feliz,"Encuentra la belleza en la simplicidad. La felicidad a menudo se encuentra en lo más simple."
18,Motivado,"Visualiza tus éxitos. La mentalidad positiva atrae resultados positivos."
19,Tranquilo,"La paciencia es una virtud. Todo sucede en el momento adecuado."
20,Preocupado,"Aprende de tus errores. Cada desafío es una oportunidad para crecer."
21,Agobiado,"Respira hondo y toma un pequeño descanso. Recargar energías te ayudará a enfrentar los desafíos."
22,Agobiado,"Prioriza tus tareas y aborda una cosa a la vez. No te sientas abrumado; puedes manejarlo."